index,gender_rate,school_diversity,cgpa_average,*diversity
0,0.25,1.0,4.1,1.0078933333333333
1,0.6666666666666666,1.0,4.128,1.407871111111111
2,0.6666666666666666,1.0,4.066,1.4081511111111111
3,0.6666666666666666,1.0,4.066,1.4081511111111111
4,0.6666666666666666,1.0,4.112,1.4094711111111111
5,0.6666666666666666,1.0,4.098000000000001,1.410871111111111
6,0.6666666666666666,1.0,4.093999999999999,1.410951111111111
7,0.6666666666666666,1.0,4.145999999999999,1.406071111111111
8,0.6666666666666666,1.0,4.05,1.406551111111111
9,0.6666666666666666,1.0,4.095999999999999,1.4110711111111112
index,gender_rate,school_diversity,cgpa_average,*diversity
0,0.6666666666666666,0.8,4.101999999999999,1.0745437908496729
1,0.6666666666666666,1.0,4.087999999999999,1.1907908496732025
2,0.6666666666666666,1.0,4.101999999999999,1.1921908496732023
3,0.6666666666666666,1.0,4.116,1.1935908496732024
4,0.6666666666666666,1.0,4.119999999999999,1.1935908496732026
5,0.6666666666666666,1.0,4.12,1.1935908496732026
6,0.6666666666666666,1.0,4.117999999999999,1.1937908496732024
7,0.6666666666666666,1.0,4.118,1.1937908496732026
8,0.6666666666666666,0.8,4.186,1.069343790849673
9,0.6666666666666666,0.8,4.11,1.075343790849673
index,gender_rate,school_diversity,cgpa_average,*diversity
0,0.6666666666666666,1.0,4.1259999999999994,1.278994688057041
1,0.6666666666666666,1.0,4.08,1.280754688057041
2,0.6666666666666666,1.0,4.086,1.281354688057041
3,0.6666666666666666,1.0,4.09,1.281754688057041
4,0.6666666666666666,1.0,4.0920000000000005,1.281954688057041
5,0.6666666666666666,1.0,4.093999999999999,1.282154688057041
6,0.6666666666666666,1.0,4.134,1.278194688057041
7,0.6666666666666666,1.0,4.087999999999999,1.281554688057041
8,0.6666666666666666,0.8,4.088,1.1639076292335115
9,0.6666666666666666,1.0,4.064,1.279154688057041
index,gender_rate,school_diversity,cgpa_average,*diversity
0,0.6666666666666666,1.0,4.029999999999999,1.2255333333333334
1,0.6666666666666666,1.0,4.146,1.2295333333333331
2,0.6666666666666666,1.0,4.14,1.2301333333333333
3,0.6666666666666666,1.0,4.0920000000000005,1.2317333333333336
4,0.6666666666666666,1.0,4.118,1.232333333333333
5,0.6666666666666666,1.0,4.101999999999999,1.2327333333333335
6,0.6666666666666666,1.0,4.109999999999999,1.2331333333333332
7,0.6666666666666666,1.0,4.106,1.2331333333333334
8,0.6666666666666666,1.0,4.1,1.2325333333333335
9,0.6666666666666666,1.0,4.136,1.2305333333333333
index,gender_rate,school_diversity,cgpa_average,*diversity
0,0.6666666666666666,1.0,4.0920000000000005,1.3597860606060608
1,0.6666666666666666,1.0,4.108,1.3598260606060608
2,0.6666666666666666,1.0,4.106,1.3600260606060608
3,0.6666666666666666,1.0,4.096,1.3601860606060607
4,0.6666666666666666,1.0,4.104,1.3602260606060608
5,0.6666666666666666,1.0,4.102,1.3604260606060607
6,0.6666666666666666,1.0,4.101999999999999,1.3604260606060607
7,0.6666666666666666,1.0,4.1,1.3605860606060607
8,0.6666666666666666,0.8,4.112,1.2260927272727273
9,0.6666666666666666,1.0,4.08,1.3585860606060607
index,gender_rate,school_diversity,cgpa_average,*diversity
0,0.6666666666666666,1.0,4.093999999999999,1.1906266666666665
1,0.6666666666666666,1.0,4.098,1.1910266666666665
2,0.6666666666666666,1.0,4.1,1.1912266666666664
3,0.6666666666666666,1.0,4.108,1.1913066666666667
4,0.6666666666666666,1.0,4.106,1.1915066666666667
5,0.6666666666666666,1.0,4.106,1.1915066666666667
6,0.6666666666666666,1.0,4.106,1.1915066666666667
7,0.6666666666666666,1.0,4.106,1.1915066666666667
8,0.6666666666666666,1.0,4.1259999999999994,1.1895066666666667
9,0.6666666666666666,1.0,4.093999999999999,1.1906266666666665
index,gender_rate,school_diversity,cgpa_average,*diversity
0,0.6666666666666666,1.0,4.096,1.5114257142857144
1,0.6666666666666666,0.8,4.08,1.3701685714285716
2,0.6666666666666666,1.0,4.05,1.512545714285714
3,0.6666666666666666,1.0,4.052,1.512745714285714
4,0.6666666666666666,1.0,4.0760000000000005,1.5134257142857144
5,0.6666666666666666,1.0,4.0600000000000005,1.5135457142857138
6,0.6666666666666666,1.0,4.07,1.5140257142857143
7,0.6666666666666666,1.0,4.065999999999999,1.5141457142857138
8,0.6666666666666666,1.0,4.068,1.5142257142857145
9,0.25,1.0,4.056,1.0756457142857139
index,gender_rate,school_diversity,cgpa_average,*diversity
0,0.6666666666666666,1.0,4.0760000000000005,1.2289355555555554
1,0.6666666666666666,1.0,4.1,1.2297755555555556
2,0.6666666666666666,1.0,4.098,1.2299755555555556
3,0.6666666666666666,1.0,4.096,1.2301755555555556
4,0.6666666666666666,1.0,4.095999999999999,1.2301755555555558
5,0.6666666666666666,1.0,4.0920000000000005,1.2305355555555555
6,0.6666666666666666,1.0,4.055999999999999,1.2269355555555554
7,0.6666666666666666,1.0,4.1419999999999995,1.2255755555555556
8,0.6666666666666666,1.0,4.05,1.2263355555555555
9,0.6666666666666666,1.0,4.116,1.2281755555555556
index,gender_rate,school_diversity,cgpa_average,*diversity
0,0.6666666666666666,1.0,4.013999999999999,1.3677663247863245
1,0.6666666666666666,1.0,4.14,1.3692063247863249
2,0.6666666666666666,1.0,4.058,1.3721663247863245
3,0.6666666666666666,1.0,4.096,1.3736063247863248
4,0.6666666666666666,1.0,4.096,1.3736063247863248
5,0.6666666666666666,1.0,4.09,1.3742063247863248
6,0.6666666666666666,1.0,4.0840000000000005,1.3747663247863247
7,0.6666666666666666,1.0,4.0840000000000005,1.3747663247863247
8,0.6666666666666666,0.8,4.084,1.220920170940171
9,0.6666666666666666,0.8,4.096,1.219760170940171
index,gender_rate,school_diversity,cgpa_average,*diversity
0,0.25,1.0,4.114,1.095212030075188
1,0.6666666666666666,1.0,4.06,1.574889223057644
2,0.6666666666666666,1.0,4.093999999999999,1.5730892230576439
3,0.6666666666666666,1.0,4.078,1.574689223057644
4,0.6666666666666666,1.0,4.058000000000001,1.5746892230576441
5,0.6666666666666666,1.0,4.0600000000000005,1.5748892230576441
6,0.6666666666666666,1.0,4.061999999999999,1.5750892230576439
7,0.6666666666666666,1.0,4.064,1.575289223057644
8,0.6666666666666666,0.6,4.038,1.2869749373433583
9,0.6666666666666666,0.8,4.052,1.4312320802005012
index,gender_rate,school_diversity,cgpa_average,*diversity
0,0.6666666666666666,1.0,4.162,1.2254533333333335
1,0.6666666666666666,1.0,4.061999999999999,1.231213333333333
2,0.6666666666666666,1.0,4.09,1.2326533333333334
3,0.6666666666666666,1.0,4.087999999999999,1.2328533333333336
4,0.6666666666666666,1.0,4.08,1.233013333333333
5,0.6666666666666666,1.0,4.082,1.233213333333333
6,0.6666666666666666,1.0,4.0840000000000005,1.2332533333333333
7,0.6666666666666666,1.0,4.084,1.2332533333333335
8,0.6666666666666666,1.0,4.03,1.2280133333333332
9,0.6666666666666666,1.0,4.07,1.2320133333333332
index,gender_rate,school_diversity,cgpa_average,*diversity
0,0.6666666666666666,1.0,4.0840000000000005,1.5142857142857142
1,0.25,1.0,4.054,1.0737857142857141
2,0.6666666666666666,0.8,4.0920000000000005,1.3706285714285713
3,0.6666666666666666,1.0,4.066,1.512485714285714
4,0.6666666666666666,1.0,4.093999999999999,1.5132857142857143
5,0.6666666666666666,1.0,4.078,1.513685714285714
6,0.6666666666666666,1.0,4.082,1.514085714285714
7,0.6666666666666666,1.0,4.084,1.514285714285714
8,0.6666666666666666,0.8,4.114,1.3684285714285713
9,0.6666666666666666,0.8,4.092,1.3706285714285715
index,gender_rate,school_diversity,cgpa_average,*diversity
0,0.6666666666666666,1.0,4.0360000000000005,1.3584918012422362
1,0.6666666666666666,1.0,4.056,1.3604918012422362
2,0.6666666666666666,1.0,4.0840000000000005,1.360931801242236
3,0.6666666666666666,1.0,4.084,1.360931801242236
4,0.6666666666666666,1.0,4.074,1.3619318012422361
5,0.6666666666666666,1.0,4.072,1.362091801242236
6,0.6666666666666666,0.8,4.11,1.2154746583850933
7,0.6666666666666666,0.8,4.093999999999999,1.2170746583850933
8,0.6666666666666666,1.0,4.042,1.3590918012422362
9,0.6666666666666666,0.8,4.07,1.2190346583850933
index,gender_rate,school_diversity,cgpa_average,*diversity
0,0.25,1.0,4.087999999999999,0.9864600000000001
1,0.6666666666666666,1.0,4.088,1.42396
2,0.6666666666666666,1.0,4.072,1.42444
3,0.6666666666666666,1.0,4.072,1.42444
4,0.6666666666666666,1.0,4.082000000000001,1.4245599999999998
5,0.6666666666666666,1.0,4.08,1.42476
6,0.6666666666666666,1.0,4.078,1.42496
7,0.6666666666666666,0.6,4.086,1.1741599999999999
8,0.6666666666666666,1.0,4.058,1.4230399999999999
9,0.6666666666666666,1.0,4.072,1.42444
index,gender_rate,school_diversity,cgpa_average,*diversity
0,0.6666666666666666,1.0,4.076,1.3133527536231884
1,0.6666666666666666,1.0,4.094,1.3138327536231884
2,0.6666666666666666,1.0,4.0920000000000005,1.3140327536231884
3,0.6666666666666666,1.0,4.086,1.3143527536231885
4,0.6666666666666666,1.0,4.088,1.3144327536231886
5,0.6666666666666666,1.0,4.088,1.3144327536231886
6,0.6666666666666666,0.8,4.040000000000001,1.1764194202898552
7,0.6666666666666666,1.0,4.101999999999999,1.3130327536231885
8,0.6666666666666666,1.0,4.087999999999999,1.3144327536231886
9,0.6666666666666666,1.0,4.119999999999999,1.3112327536231885
index,gender_rate,school_diversity,cgpa_average,*diversity
0,0.25,1.0,4.148000000000001,0.98326
1,0.6666666666666666,1.0,4.109999999999999,1.42456
2,0.6666666666666666,1.0,4.088,1.4232399999999998
3,0.6666666666666666,1.0,4.1,1.42444
4,0.6666666666666666,1.0,4.1,1.42444
5,0.6666666666666666,1.0,4.102,1.42464
6,0.6666666666666666,1.0,4.108,1.42476
7,0.6666666666666666,1.0,4.106,1.42496
8,0.6666666666666666,1.0,4.072,1.4216399999999998
9,0.6666666666666666,0.8,4.122,1.29836
index,gender_rate,school_diversity,cgpa_average,*diversity
0,0.6666666666666666,1.0,4.032000000000001,1.4060251082251085
1,0.6666666666666666,1.0,4.032000000000001,1.4060251082251085
2,0.6666666666666666,1.0,4.042,1.4070251082251084
3,0.6666666666666666,1.0,4.064000000000001,1.407225108225108
4,0.6666666666666666,1.0,4.061999999999999,1.4074251082251081
5,0.6666666666666666,1.0,4.045999999999999,1.4074251082251084
6,0.6666666666666666,1.0,4.058,1.407825108225108
7,0.6666666666666666,1.0,4.054,1.408225108225108
8,0.6666666666666666,1.0,4.0840000000000005,1.405225108225108
9,0.6666666666666666,1.0,4.066000000000001,1.407025108225108
index,gender_rate,school_diversity,cgpa_average,*diversity
0,0.25,1.0,4.036,1.1008525490196077
1,0.25,1.0,4.078,1.1050525490196077
2,0.25,0.8,4.086,0.9725192156862744
3,0.6666666666666666,1.0,4.072000000000001,1.6706290196078433
4,0.6666666666666666,0.8,4.192,1.5291356862745102
5,0.6666666666666666,1.0,4.114000000000001,1.6702690196078434
6,0.6666666666666666,1.0,4.074,1.6708290196078432
7,0.6666666666666666,1.0,4.076,1.6710290196078432
8,0.6666666666666666,1.0,4.098000000000001,1.6718690196078434
9,0.6666666666666666,1.0,4.086,1.6720290196078431
index,gender_rate,school_diversity,cgpa_average,*diversity
0,0.6666666666666666,0.8,4.106,1.2181346583850934
1,0.6666666666666666,1.0,4.0680000000000005,1.3594318012422362
2,0.6666666666666666,1.0,4.07,1.3596318012422361
3,0.6666666666666666,1.0,4.0920000000000005,1.3618318012422361
4,0.6666666666666666,1.0,4.096,1.361991801242236
5,0.6666666666666666,1.0,4.093999999999999,1.362031801242236
6,0.6666666666666666,1.0,4.093999999999999,1.362031801242236
7,0.6666666666666666,1.0,4.093999999999999,1.362031801242236
8,0.6666666666666666,1.0,4.1259999999999994,1.3589918012422362
9,0.6666666666666666,0.8,4.108,1.2179346583850934
index,gender_rate,school_diversity,cgpa_average,*diversity
0,0.6666666666666666,1.0,4.078,1.270002222222222
1,0.6666666666666666,1.0,4.116,1.270642222222222
2,0.6666666666666666,1.0,4.092,1.271402222222222
3,0.6666666666666666,1.0,4.098,1.272002222222222
4,0.6666666666666666,1.0,4.102,1.272042222222222
5,0.6666666666666666,1.0,4.1,1.272202222222222
6,0.6666666666666666,0.6,4.093999999999999,1.0049355555555555
7,0.6666666666666666,1.0,4.166,1.2656422222222221
8,0.6666666666666666,1.0,4.056,1.267802222222222
9,0.6666666666666666,1.0,4.1,1.272202222222222
index,gender_rate,school_diversity,cgpa_average,*diversity
0,0.25,0.8,4.084,0.9754246153846153
1,0.6666666666666666,0.8,4.093999999999999,1.4139246153846152
2,0.6666666666666666,1.0,4.122,1.567890769230769
3,0.6666666666666666,1.0,4.101999999999999,1.568570769230769
4,0.6666666666666666,1.0,4.112,1.5688907692307692
5,0.6666666666666666,1.0,4.106,1.568970769230769
6,0.6666666666666666,1.0,4.11,1.5690907692307692
7,0.6666666666666666,1.0,4.194000000000001,1.560690769230769
8,0.6666666666666666,1.0,4.064,1.564770769230769
9,0.6666666666666666,1.0,4.098,1.5681707692307691
index,gender_rate,school_diversity,cgpa_average,*diversity
0,0.25,1.0,4.088,1.0064933333333335
1,0.6666666666666666,0.8,4.108,1.2776177777777777
2,0.6666666666666666,1.0,4.151999999999999,1.406551111111111
3,0.6666666666666666,1.0,4.061999999999999,1.406671111111111
4,0.6666666666666666,1.0,4.101999999999999,1.410671111111111
5,0.6666666666666666,1.0,4.11,1.410751111111111
6,0.6666666666666666,1.0,4.1080000000000005,1.410951111111111
7,0.6666666666666666,0.8,4.114,1.2770177777777778
8,0.6666666666666666,1.0,4.144,1.407351111111111
9,0.6666666666666666,1.0,4.0760000000000005,1.4080711111111113
index,gender_rate,school_diversity,cgpa_average,*diversity
0,0.6666666666666666,1.0,4.074,1.3582860606060607
1,0.6666666666666666,1.0,4.106,1.3597260606060608
2,0.6666666666666666,1.0,4.101999999999999,1.3601260606060608
3,0.6666666666666666,1.0,4.093999999999999,1.3602860606060607
4,0.6666666666666666,1.0,4.093999999999999,1.3602860606060607
5,0.6666666666666666,1.0,4.098000000000001,1.3605260606060607
6,0.6666666666666666,1.0,4.098,1.3605260606060607
7,0.6666666666666666,1.0,4.098000000000001,1.3605260606060607
8,0.6666666666666666,1.0,4.064,1.3572860606060608
9,0.6666666666666666,1.0,4.144,1.3559260606060608
index,gender_rate,school_diversity,cgpa_average,*diversity
0,0.6666666666666666,1.0,4.156000000000001,1.3708863247863248
1,0.6666666666666666,1.0,4.156,1.3708863247863248
2,0.6666666666666666,1.0,4.128,1.3736863247863247
3,0.6666666666666666,1.0,4.1240000000000006,1.3740863247863246
4,0.6666666666666666,1.0,4.122,1.3742863247863248
5,0.6666666666666666,1.0,4.1160000000000005,1.3746863247863246
6,0.6666666666666666,1.0,4.140000000000001,1.3724863247863248
7,0.6666666666666666,0.8,4.034,1.2126401709401708
8,0.6666666666666666,1.0,4.086,1.3716863247863247
9,0.6666666666666666,1.0,4.108,1.3738863247863247
index,gender_rate,school_diversity,cgpa_average,*diversity
0,0.6666666666666666,1.0,4.0920000000000005,1.3116927536231884
1,0.6666666666666666,1.0,4.108,1.3132927536231884
2,0.6666666666666666,1.0,4.109999999999999,1.3134927536231884
3,0.6666666666666666,1.0,4.114,1.3138927536231884
4,0.6666666666666666,1.0,4.124,1.3140927536231886
5,0.6666666666666666,1.0,4.122,1.3142927536231885
6,0.6666666666666666,1.0,4.15,1.3114927536231884
7,0.6666666666666666,0.8,4.184,1.174759420289855
8,0.6666666666666666,1.0,4.12,1.3144927536231885
9,0.6666666666666666,1.0,4.076,1.3100927536231883
index,gender_rate,school_diversity,cgpa_average,*diversity
0,0.6666666666666666,1.0,4.05,1.4068851082251084
1,0.6666666666666666,1.0,4.056,1.4074851082251083
2,0.6666666666666666,1.0,4.0680000000000005,1.407765108225108
3,0.6666666666666666,1.0,4.0600000000000005,1.4078851082251083
4,0.6666666666666666,1.0,4.06,1.4078851082251083
5,0.6666666666666666,1.0,4.061999999999999,1.4080851082251082
6,0.6666666666666666,0.8,4.04,1.2630279653679655
7,0.6666666666666666,1.0,4.15,1.399565108225108
8,0.6666666666666666,0.8,4.088,1.2629079653679653
9,0.6666666666666666,1.0,3.999999999999999,1.4018851082251083
index,gender_rate,school_diversity,cgpa_average,*diversity
0,0.6666666666666666,1.0,4.056,1.270122222222222
1,0.6666666666666666,1.0,4.086,1.271322222222222
2,0.6666666666666666,1.0,4.086,1.271322222222222
3,0.6666666666666666,1.0,4.07,1.271522222222222
4,0.6666666666666666,1.0,4.082,1.2717222222222222
5,0.6666666666666666,1.0,4.08,1.2719222222222222
6,0.6666666666666666,1.0,4.0760000000000005,1.272122222222222
7,0.6666666666666666,1.0,4.076,1.272122222222222
8,0.6666666666666666,1.0,4.052,1.269722222222222
9,0.6666666666666666,0.8,4.106,1.135988888888889
index,gender_rate,school_diversity,cgpa_average,*diversity
0,0.6666666666666666,1.0,4.036,1.5113152136752137
1,0.6666666666666666,1.0,4.072,1.5124352136752135
2,0.6666666666666666,1.0,4.07,1.5126352136752135
3,0.6666666666666666,1.0,4.055999999999999,1.5133152136752135
4,0.6666666666666666,1.0,4.056,1.5133152136752137
5,0.6666666666666666,1.0,4.058,1.5135152136752137
6,0.6666666666666666,1.0,4.022,1.5099152136752136
7,0.6666666666666666,1.0,4.1240000000000006,1.5072352136752134
8,0.6666666666666666,1.0,4.04,1.5117152136752137
9,0.6666666666666666,0.8,4.062,1.3595890598290596
index,gender_rate,school_diversity,cgpa_average,*diversity
0,0.6666666666666666,1.0,4.101999999999999,1.359571801242236
1,0.6666666666666666,1.0,4.058,1.3602518012422362
2,0.6666666666666666,1.0,4.090000000000001,1.3607718012422358
3,0.6666666666666666,1.0,4.066000000000001,1.3610518012422363
4,0.6666666666666666,1.0,4.086,1.3611718012422358
5,0.6666666666666666,1.0,4.078,1.361971801242236
6,0.6666666666666666,1.0,4.122,1.357571801242236
7,0.6666666666666666,1.0,4.045999999999999,1.3590518012422361
8,0.6666666666666666,1.0,4.054,1.3598518012422363
9,0.6666666666666666,1.0,4.063999999999999,1.3608518012422361
index,gender_rate,school_diversity,cgpa_average,*diversity
0,0.6666666666666666,1.0,4.048,1.2769523809523808
1,0.6666666666666666,1.0,4.066,1.2787523809523809
2,0.6666666666666666,1.0,4.074,1.2795523809523808
3,0.6666666666666666,1.0,4.098000000000001,1.279952380952381
4,0.6666666666666666,1.0,4.096,1.2801523809523812
5,0.6666666666666666,1.0,4.082,1.280352380952381
6,0.6666666666666666,1.0,4.082,1.280352380952381
7,0.6666666666666666,1.0,4.094,1.2803523809523811
8,0.6666666666666666,1.0,4.061999999999999,1.278352380952381
9,0.6666666666666666,1.0,4.178,1.2719523809523812
index,gender_rate,school_diversity,cgpa_average,*diversity
0,0.6666666666666666,1.0,4.061999999999999,1.5272301754385964
1,0.25,0.8,4.082000000000001,0.9176996491228069
2,0.6666666666666666,1.0,4.098000000000001,1.5253101754385963
3,0.6666666666666666,1.0,4.0840000000000005,1.5267101754385963
4,0.6666666666666666,1.0,4.058,1.5268301754385964
5,0.6666666666666666,1.0,4.08,1.5271101754385965
6,0.6666666666666666,1.0,4.061999999999999,1.5272301754385964
7,0.6666666666666666,1.0,4.0680000000000005,1.5278301754385966
8,0.6666666666666666,1.0,4.055999999999999,1.5266301754385965
9,0.6666666666666666,1.0,4.054,1.5264301754385965
index,gender_rate,school_diversity,cgpa_average,*diversity
0,0.6666666666666666,1.0,4.056,1.1898466666666665
1,0.6666666666666666,1.0,4.0920000000000005,1.1898866666666665
2,0.6666666666666666,1.0,4.087999999999999,1.1902866666666667
3,0.6666666666666666,1.0,4.066,1.1908466666666664
4,0.6666666666666666,1.0,4.081999999999999,1.1908866666666669
5,0.6666666666666666,1.0,4.068,1.1910466666666664
6,0.6666666666666666,1.0,4.078,1.1912866666666666
7,0.6666666666666666,1.0,4.072,1.1914466666666665
8,0.6666666666666666,1.0,4.09,1.1900866666666667
9,0.6666666666666666,0.8,4.05,1.0642466666666663
index,gender_rate,school_diversity,cgpa_average,*diversity
0,0.25,1.0,4.066000000000001,1.0755177777777778
1,0.25,0.8,4.110000000000001,0.9423044444444445
2,0.6666666666666666,0.8,4.128,1.459022962962963
3,0.6666666666666666,1.0,4.066000000000001,1.5940362962962962
4,0.6666666666666666,1.0,4.074000000000001,1.5948362962962963
5,0.6666666666666666,1.0,4.08,1.5954362962962962
6,0.6666666666666666,1.0,4.094,1.5957562962962963
7,0.6666666666666666,1.0,4.090000000000001,1.5961562962962963
8,0.6666666666666666,1.0,4.090000000000001,1.5961562962962963
9,0.6666666666666666,1.0,4.088,1.5962362962962962
index,gender_rate,school_diversity,cgpa_average,*diversity
0,0.6666666666666666,0.8,4.0840000000000005,1.181039420289855
1,0.6666666666666666,1.0,4.023999999999999,1.3086127536231884
2,0.6666666666666666,1.0,4.063999999999999,1.3126127536231884
3,0.6666666666666666,1.0,4.078,1.3140127536231885
4,0.6666666666666666,1.0,4.08,1.3142127536231885
5,0.6666666666666666,1.0,4.082,1.3144127536231884
6,0.6666666666666666,0.8,4.096,1.179839420289855
7,0.6666666666666666,0.8,4.194,1.1700394202898552
8,0.6666666666666666,1.0,4.029999999999999,1.3092127536231883
9,0.6666666666666666,1.0,4.096,1.3131727536231883
index,gender_rate,school_diversity,cgpa_average,*diversity
0,0.6666666666666666,1.0,4.108,1.5099152136752136
1,0.6666666666666666,1.0,4.042,1.5108352136752135
2,0.6666666666666666,1.0,4.09,1.5117152136752137
3,0.6666666666666666,1.0,4.08,1.5127152136752136
4,0.6666666666666666,1.0,4.078,1.5129152136752135
5,0.6666666666666666,1.0,4.076,1.5131152136752135
6,0.6666666666666666,1.0,4.076,1.5131152136752135
7,0.6666666666666666,1.0,4.069999999999999,1.5136352136752134
8,0.25,1.0,4.036,1.1074574358974358
9,0.6666666666666666,0.8,4.048,1.3575890598290599
index,gender_rate,school_diversity,cgpa_average,*diversity
0,0.6666666666666666,0.8,4.0840000000000005,1.2190546583850934
1,0.6666666666666666,1.0,4.122,1.3581118012422362
2,0.6666666666666666,1.0,4.068,1.360711801242236
3,0.6666666666666666,1.0,4.09,1.3613118012422363
4,0.6666666666666666,1.0,4.076,1.361511801242236
5,0.6666666666666666,1.0,4.086,1.3617118012422362
6,0.6666666666666666,0.8,4.096,1.2178546583850933
7,0.6666666666666666,0.8,4.08,1.2190546583850932
8,0.6666666666666666,0.6,4.093999999999999,1.0751975155279505
9,0.6666666666666666,0.8,4.024,1.2134546583850931
index,gender_rate,school_diversity,cgpa_average,*diversity
0,0.6666666666666666,1.0,4.122,1.3314974358974359
1,0.6666666666666666,1.0,4.0920000000000005,1.3344974358974357
2,0.6666666666666666,1.0,4.074000000000001,1.3354974358974359
3,0.6666666666666666,1.0,4.082,1.3354974358974359
4,0.6666666666666666,1.0,4.082,1.3354974358974359
5,0.6666666666666666,1.0,4.076,1.3356974358974356
6,0.6666666666666666,0.8,4.1579999999999995,1.174051282051282
7,0.6666666666666666,1.0,3.9899999999999998,1.3270974358974357
8,0.6666666666666666,1.0,4.084,1.3352974358974359
9,0.6666666666666666,0.8,4.0200000000000005,1.176251282051282
index,gender_rate,school_diversity,cgpa_average,*diversity
0,0.6666666666666666,1.0,4.077999999999999,1.5116352136752136
1,0.6666666666666666,1.0,4.06,1.5134352136752136
2,0.6666666666666666,1.0,4.056,1.5135152136752135
3,0.6666666666666666,1.0,4.056,1.5135152136752135
4,0.6666666666666666,1.0,4.058,1.5136352136752136
5,0.6666666666666666,1.0,4.058,1.5136352136752136
6,0.6666666666666666,0.6,4.052,1.2054229059829058
7,0.6666666666666666,0.8,4.042,1.3582690598290597
8,0.6666666666666666,1.0,4.0600000000000005,1.5134352136752136
9,0.6666666666666666,1.0,4.056,1.5135152136752135
index,gender_rate,school_diversity,cgpa_average,*diversity
0,0.25,1.0,4.078,1.098472030075188
1,0.6666666666666666,1.0,4.075999999999999,1.5741492230576437
2,0.6666666666666666,1.0,4.058,1.572349223057644
3,0.6666666666666666,1.0,4.104,1.574429223057644
4,0.6666666666666666,1.0,4.08,1.5745492230576439
5,0.6666666666666666,1.0,4.0840000000000005,1.574949223057644
6,0.6666666666666666,1.0,4.098,1.575029223057644
7,0.6666666666666666,1.0,4.094,1.5754292230576439
8,0.6666666666666666,1.0,4.1659999999999995,1.568229223057644
9,0.6666666666666666,1.0,4.076,1.574149223057644
index,gender_rate,school_diversity,cgpa_average,*diversity
0,0.25,1.0,4.068,1.0509129824561403
1,0.6666666666666666,1.0,4.12,1.5241501754385964
2,0.25,1.0,4.08,1.0521129824561404
3,0.6666666666666666,0.8,4.13,1.3898168421052632
4,0.6666666666666666,0.8,4.087999999999999,1.3940168421052632
5,0.6666666666666666,1.0,4.112,1.5249501754385966
6,0.6666666666666666,1.0,4.0840000000000005,1.5277501754385965
7,0.6666666666666666,1.0,4.078,1.5277901754385965
8,0.6666666666666666,1.0,4.077999999999999,1.5277901754385965
9,0.6666666666666666,0.8,3.97,1.3836568421052633
index,gender_rate,school_diversity,cgpa_average,*diversity
0,0.6666666666666666,0.8,4.066,1.2991399999999997
1,0.6666666666666666,0.8,4.076,1.29986
2,0.6666666666666666,1.0,4.004,1.4179399999999998
3,0.6666666666666666,1.0,4.128,1.4196600000000001
4,0.6666666666666666,1.0,4.096,1.42286
5,0.6666666666666666,1.0,4.086,1.4238600000000001
6,0.6666666666666666,1.0,4.084,1.42406
7,0.6666666666666666,1.0,4.078,1.42466
8,0.6666666666666666,1.0,4.078,1.42466
9,0.25,0.8,4.049999999999999,0.8600399999999997
index,gender_rate,school_diversity,cgpa_average,*diversity
0,0.6666666666666666,0.8,4.066,1.2185346583850931
1,0.6666666666666666,1.0,4.082,1.3612318012422362
2,0.6666666666666666,1.0,4.0760000000000005,1.3618318012422361
3,0.6666666666666666,1.0,4.0760000000000005,1.3618318012422361
4,0.6666666666666666,1.0,4.075999999999999,1.3618318012422364
5,0.6666666666666666,1.0,4.074,1.362031801242236
6,0.6666666666666666,0.8,4.042,1.2161346583850932
7,0.6666666666666666,0.8,4.101999999999999,1.2163746583850934
8,0.6666666666666666,1.0,4.058,1.360591801242236
9,0.6666666666666666,1.0,4.08,1.3614318012422362
index,gender_rate,school_diversity,cgpa_average,*diversity
0,0.6666666666666666,1.0,4.16,1.3282774358974359
1,0.6666666666666666,1.0,4.038,1.3313174358974356
2,0.6666666666666666,1.0,4.048,1.3323174358974355
3,0.6666666666666666,1.0,4.109999999999999,1.333277435897436
4,0.6666666666666666,1.0,4.064,1.3339174358974355
5,0.6666666666666666,1.0,4.0920000000000005,1.3350774358974358
6,0.6666666666666666,1.0,4.084,1.335877435897436
7,0.6666666666666666,1.0,4.0840000000000005,1.335877435897436
8,0.6666666666666666,1.0,4.086,1.335677435897436
9,0.6666666666666666,1.0,4.072,1.3347174358974356
index,gender_rate,school_diversity,cgpa_average,*diversity
0,0.6666666666666666,1.0,4.214,1.324997435897436
1,0.6666666666666666,1.0,4.1979999999999995,1.326597435897436
2,0.6666666666666666,1.0,4.052,1.3305974358974355
3,0.6666666666666666,1.0,4.066,1.3319974358974356
4,0.6666666666666666,1.0,4.0920000000000005,1.3345974358974357
5,0.6666666666666666,1.0,4.101999999999999,1.3355974358974356
6,0.6666666666666666,1.0,4.108,1.3355974358974358
7,0.6666666666666666,1.0,4.103999999999999,1.3357974358974356
8,0.6666666666666666,1.0,4.087999999999999,1.3341974358974356
9,0.6666666666666666,0.8,4.026,1.1741512820512818
index,gender_rate,school_diversity,cgpa_average,*diversity
0,0.6666666666666666,1.0,4.145999999999999,1.2283733333333335
1,0.6666666666666666,1.0,4.074,1.2310933333333332
2,0.6666666666666666,1.0,4.078,1.2314933333333333
3,0.6666666666666666,1.0,4.088000000000001,1.2324933333333332
4,0.6666666666666666,1.0,4.09,1.2326933333333332
5,0.6666666666666666,1.0,4.0920000000000005,1.2328933333333332
6,0.6666666666666666,1.0,4.1,1.2329733333333335
7,0.6666666666666666,1.0,4.095999999999999,1.2332933333333331
8,0.6666666666666666,1.0,4.093999999999999,1.2330933333333332
9,0.6666666666666666,1.0,4.106,1.2323733333333333
index,gender_rate,school_diversity,cgpa_average,*diversity
0,0.6666666666666666,1.0,4.183999999999999,1.3280374358974358
1,0.6666666666666666,1.0,4.074,1.3327574358974357
2,0.6666666666666666,1.0,4.116,1.3348374358974358
3,0.6666666666666666,1.0,4.096,1.3349574358974359
4,0.6666666666666666,1.0,4.102,1.3355574358974358
5,0.6666666666666666,1.0,4.104,1.3357574358974358
6,0.6666666666666666,1.0,4.106,1.3358374358974356
7,0.6666666666666666,1.0,4.106,1.3358374358974356
8,0.6666666666666666,1.0,4.076,1.3329574358974356
9,0.6666666666666666,0.8,4.09,1.180511282051282
index,gender_rate,school_diversity,cgpa_average,*diversity
0,0.6666666666666666,1.0,4.094,1.271242222222222
1,0.6666666666666666,1.0,4.078,1.271602222222222
2,0.6666666666666666,1.0,4.082,1.272002222222222
3,0.6666666666666666,1.0,4.086,1.2720422222222219
4,0.6666666666666666,1.0,4.084,1.272202222222222
5,0.6666666666666666,1.0,4.0840000000000005,1.2722022222222222
6,0.6666666666666666,1.0,4.085999999999999,1.272042222222222
7,0.6666666666666666,1.0,4.076,1.271402222222222
8,0.6666666666666666,1.0,4.086,1.2720422222222219
9,0.6666666666666666,1.0,4.086,1.2720422222222219
index,gender_rate,school_diversity,cgpa_average,*diversity
0,0.25,1.0,4.05,1.0024533333333334
1,0.6666666666666666,1.0,4.134,1.4085911111111111
2,0.6666666666666666,1.0,4.104000000000001,1.4106311111111112
3,0.6666666666666666,1.0,4.104,1.4106311111111112
4,0.6666666666666666,1.0,4.106,1.4108311111111111
5,0.6666666666666666,1.0,4.106,1.4108311111111111
6,0.6666666666666666,1.0,4.106,1.4108311111111111
7,0.6666666666666666,1.0,4.186,1.403391111111111
8,0.6666666666666666,1.0,4.058,1.4060311111111112
9,0.6666666666666666,1.0,4.134,1.4085911111111111
index,gender_rate,school_diversity,cgpa_average,*diversity
0,0.6666666666666666,1.0,4.040000000000001,1.2673622222222223
1,0.6666666666666666,1.0,4.118,1.269282222222222
2,0.6666666666666666,1.0,4.081999999999999,1.271562222222222
3,0.6666666666666666,1.0,4.084,1.271762222222222
4,0.6666666666666666,1.0,4.092,1.2718822222222221
5,0.6666666666666666,1.0,4.088,1.2721622222222222
6,0.6666666666666666,1.0,4.087999999999999,1.272162222222222
7,0.6666666666666666,0.8,4.1,1.1377488888888887
8,0.6666666666666666,1.0,4.096,1.271482222222222
9,0.6666666666666666,1.0,4.098000000000001,1.271282222222222
index,gender_rate,school_diversity,cgpa_average,*diversity
0,0.25,0.8,4.138,0.9310485714285717
1,0.6666666666666666,1.0,4.118,1.5134057142857142
2,0.6666666666666666,1.0,4.077999999999999,1.511165714285714
3,0.6666666666666666,1.0,4.136,1.5116057142857142
4,0.6666666666666666,1.0,4.126,1.5126057142857143
5,0.6666666666666666,1.0,4.116,1.5136057142857142
6,0.6666666666666666,1.0,4.104000000000001,1.5137657142857142
7,0.6666666666666666,1.0,4.112,1.5140057142857142
8,0.6666666666666666,0.8,4.102,1.3707085714285712
9,0.6666666666666666,0.8,4.061999999999999,1.3667085714285712
index,gender_rate,school_diversity,cgpa_average,*diversity
0,0.6666666666666666,1.0,4.103999999999999,1.455910158730159
1,0.6666666666666666,1.0,4.048,1.4559501587301587
2,0.6666666666666666,1.0,4.062,1.4573501587301587
3,0.6666666666666666,1.0,4.082,1.458110158730159
4,0.6666666666666666,1.0,4.08,1.458310158730159
5,0.6666666666666666,1.0,4.08,1.458310158730159
6,0.6666666666666666,1.0,4.074,1.4585501587301586
7,0.6666666666666666,1.0,4.074,1.4585501587301586
8,0.6666666666666666,1.0,4.064000000000001,1.4575501587301587
9,0.6666666666666666,1.0,4.09,1.457310158730159
index,gender_rate,school_diversity,cgpa_average,*diversity
0,0.6666666666666666,1.0,4.106,1.4566501587301586
1,0.6666666666666666,0.8,4.062,1.3093930158730158
2,0.6666666666666666,0.8,4.066,1.3097930158730158
3,0.6666666666666666,1.0,4.27,1.444410158730159
4,0.6666666666666666,1.0,4.112,1.4572501587301585
5,0.6666666666666666,1.0,4.140000000000001,1.4574101587301589
6,0.6666666666666666,1.0,4.138,1.457610158730159
7,0.6666666666666666,1.0,4.1259999999999994,1.4586501587301586
8,0.6666666666666666,1.0,4.126,1.4586501587301586
9,0.25,0.8,4.122,0.9126152380952379
index,gender_rate,school_diversity,cgpa_average,*diversity
0,0.6666666666666666,1.0,4.1,1.4656866666666666
1,0.6666666666666666,1.0,4.058,1.4634466666666668
2,0.6666666666666666,1.0,4.1,1.4656866666666666
3,0.6666666666666666,1.0,4.084,1.4660466666666667
4,0.6666666666666666,1.0,4.084,1.4660466666666667
5,0.6666666666666666,1.0,4.086,1.4662466666666667
6,0.6666666666666666,1.0,4.0920000000000005,1.4664866666666665
7,0.6666666666666666,0.8,4.15,1.3273533333333334
8,0.6666666666666666,0.8,4.106,1.3317533333333333
9,0.6666666666666666,1.0,4.042,1.4618466666666667
index,gender_rate,school_diversity,cgpa_average,*diversity
0,0.25,1.0,4.116,1.0322511111111112
1,0.25,1.0,4.061999999999999,1.034571111111111
2,0.25,1.0,4.081999999999999,1.0356511111111113
3,0.6666666666666666,1.0,4.096,1.5527696296296294
4,0.6666666666666666,1.0,4.029999999999999,1.5498896296296294
5,0.6666666666666666,1.0,4.0600000000000005,1.5528896296296295
6,0.6666666666666666,1.0,4.087999999999999,1.5535696296296295
7,0.6666666666666666,1.0,4.082,1.5541696296296295
8,0.6666666666666666,1.0,4.081999999999999,1.5541696296296297
9,0.6666666666666666,1.0,4.0760000000000005,1.5544896296296296
index,gender_rate,school_diversity,cgpa_average,*diversity
0,0.25,1.0,4.07,1.1376416666666667
1,0.25,1.0,4.086,1.1378416666666666
2,0.25,1.0,4.066000000000001,1.1372416666666667
3,0.25,0.8,4.09,1.0041083333333334
4,0.6666666666666666,1.0,4.088,1.7574333333333332
5,0.6666666666666666,1.0,4.096,1.7566333333333333
6,0.6666666666666666,1.0,4.061999999999999,1.7566333333333333
7,0.6666666666666666,1.0,4.072,1.7576333333333332
8,0.6666666666666666,1.0,4.082,1.7580333333333331
9,0.6666666666666666,1.0,4.078,1.7582333333333333
index,gender_rate,school_diversity,cgpa_average,*diversity
0,0.6666666666666666,1.0,4.034,1.3537460606060605
1,0.6666666666666666,1.0,4.094,1.3597460606060605
2,0.6666666666666666,1.0,4.096000000000001,1.3599460606060607
3,0.6666666666666666,1.0,4.108,1.3600660606060608
4,0.6666666666666666,1.0,4.106,1.3602660606060608
5,0.6666666666666666,1.0,4.101999999999999,1.3605460606060604
6,0.6666666666666666,0.8,4.09,1.2260127272727273
7,0.6666666666666666,1.0,4.164,1.354466060606061
8,0.6666666666666666,1.0,4.1659999999999995,1.354266060606061
9,0.6666666666666666,1.0,4.066,1.3569460606060606
index,gender_rate,school_diversity,cgpa_average,*diversity
0,0.6666666666666666,0.8,4.116,1.1792194202898552
1,0.6666666666666666,1.0,4.138,1.3103527536231885
2,0.6666666666666666,1.0,4.066000000000001,1.3114327536231885
3,0.6666666666666666,1.0,4.114,1.3127527536231884
4,0.6666666666666666,1.0,4.106,1.3135527536231884
5,0.6666666666666666,1.0,4.093999999999999,1.3142327536231884
6,0.6666666666666666,1.0,4.098,1.3143527536231885
7,0.6666666666666666,1.0,4.096,1.3144327536231886
8,0.6666666666666666,1.0,4.056,1.3104327536231886
9,0.6666666666666666,1.0,4.082,1.3130327536231885
index,gender_rate,school_diversity,cgpa_average,*diversity
0,0.6666666666666666,1.0,4.042,1.3143612698412697
1,0.6666666666666666,1.0,4.15,1.3145212698412696
2,0.6666666666666666,1.0,4.1259999999999994,1.3169212698412698
3,0.6666666666666666,1.0,4.104,1.3191212698412698
4,0.6666666666666666,1.0,4.0920000000000005,1.3193612698412698
5,0.6666666666666666,1.0,4.0920000000000005,1.3193612698412698
6,0.6666666666666666,1.0,4.1,1.3195212698412697
7,0.6666666666666666,1.0,4.096,1.3197612698412697
8,0.6666666666666666,1.0,4.048,1.3149612698412698
9,0.6666666666666666,0.6,4.118,1.0320069841269839
index,gender_rate,school_diversity,cgpa_average,*diversity
0,0.6666666666666666,1.0,4.0920000000000005,1.234921381074169
1,0.6666666666666666,1.0,4.069999999999999,1.2350013810741687
2,0.6666666666666666,1.0,4.086,1.235521381074169
3,0.6666666666666666,1.0,4.078,1.2358013810741688
4,0.6666666666666666,1.0,4.078,1.2358013810741688
5,0.6666666666666666,1.0,4.079999999999999,1.2360013810741686
6,0.6666666666666666,0.6,4.0840000000000005,1.00042726342711
7,0.6666666666666666,0.8,4.05,1.1153543222506392
8,0.6666666666666666,1.0,4.09,1.235121381074169
9,0.6666666666666666,1.0,4.098000000000001,1.2343213810741689
index,gender_rate,school_diversity,cgpa_average,*diversity
0,0.6666666666666666,1.0,4.042,1.3135212698412695
1,0.6666666666666666,1.0,4.162,1.31416126984127
2,0.6666666666666666,1.0,4.090000000000001,1.3183212698412696
3,0.6666666666666666,1.0,4.114,1.3189612698412698
4,0.6666666666666666,1.0,4.11,1.3193612698412698
5,0.6666666666666666,1.0,4.104000000000001,1.3197212698412697
6,0.6666666666666666,1.0,4.106,1.31976126984127
7,0.6666666666666666,1.0,4.106,1.31976126984127
8,0.6666666666666666,1.0,4.09,1.3183212698412696
9,0.6666666666666666,0.8,4.128,1.1747041269841272
index,gender_rate,school_diversity,cgpa_average,*diversity
0,0.6666666666666666,0.8,4.034000000000001,1.2623879653679655
1,0.6666666666666666,1.0,4.093999999999999,1.4052051082251082
2,0.6666666666666666,1.0,4.0440000000000005,1.4062451082251082
3,0.6666666666666666,1.0,4.074,1.4072051082251082
4,0.6666666666666666,1.0,4.055999999999999,1.407445108225108
5,0.6666666666666666,1.0,4.0600000000000005,1.4078451082251082
6,0.6666666666666666,1.0,4.062,1.4080451082251082
7,0.6666666666666666,1.0,4.064,1.4082051082251081
8,0.6666666666666666,0.8,4.08,1.2637479653679653
9,0.6666666666666666,1.0,4.07,1.4076051082251082
index,gender_rate,school_diversity,cgpa_average,*diversity
0,0.6666666666666666,1.0,4.209999999999999,1.2153555555555555
1,0.6666666666666666,1.0,4.026000000000001,1.2273555555555555
2,0.6666666666666666,1.0,4.025999999999999,1.2273555555555555
3,0.6666666666666666,1.0,4.04,1.2287555555555556
4,0.6666666666666666,1.0,4.048,1.2295555555555555
5,0.6666666666666666,1.0,4.048,1.2295555555555555
6,0.6666666666666666,1.0,4.061999999999999,1.2301555555555557
7,0.6666666666666666,1.0,4.055999999999999,1.2303555555555554
8,0.6666666666666666,0.8,4.032,1.1029555555555555
9,0.6666666666666666,1.0,4.031999999999999,1.2279555555555555
index,gender_rate,school_diversity,cgpa_average,*diversity
0,0.6666666666666666,1.0,4.044,1.270782222222222
1,0.6666666666666666,1.0,4.068,1.271262222222222
2,0.6666666666666666,1.0,4.066,1.271462222222222
3,0.6666666666666666,1.0,4.054,1.271782222222222
4,0.6666666666666666,1.0,4.061999999999999,1.2718622222222222
5,0.6666666666666666,1.0,4.056,1.271982222222222
6,0.6666666666666666,1.0,4.032,1.269582222222222
7,0.6666666666666666,1.0,4.093999999999999,1.2686622222222221
8,0.6666666666666666,1.0,4.092,1.2688622222222221
9,0.6666666666666666,1.0,4.016,1.267982222222222
index,gender_rate,school_diversity,cgpa_average,*diversity
0,0.6666666666666666,1.0,4.21,1.3104012698412697
1,0.6666666666666666,1.0,4.086,1.3168812698412697
2,0.6666666666666666,1.0,4.104,1.3186812698412698
3,0.6666666666666666,1.0,4.108,1.3190812698412697
4,0.6666666666666666,1.0,4.122,1.3192012698412696
5,0.6666666666666666,1.0,4.114,1.3196812698412697
6,0.6666666666666666,1.0,4.072,1.3154812698412697
7,0.6666666666666666,0.8,4.101999999999999,1.175624126984127
8,0.6666666666666666,1.0,4.122,1.3192012698412696
9,0.6666666666666666,1.0,4.116,1.3198012698412698
index,gender_rate,school_diversity,cgpa_average,*diversity
0,0.6666666666666666,1.0,4.046,1.3658444444444444
1,0.6666666666666666,1.0,4.076,1.3688444444444443
2,0.6666666666666666,1.0,4.087999999999999,1.3688444444444445
3,0.6666666666666666,1.0,4.077999999999999,1.3690444444444443
4,0.6666666666666666,1.0,4.084,1.3692444444444445
5,0.6666666666666666,1.0,4.082,1.3694444444444442
6,0.6666666666666666,1.0,4.112,1.3664444444444444
7,0.6666666666666666,1.0,4.044,1.3656444444444442
8,0.6666666666666666,1.0,4.109999999999999,1.3666444444444446
9,0.6666666666666666,1.0,4.1,1.3676444444444444
index,gender_rate,school_diversity,cgpa_average,*diversity
0,0.25,0.8,4.086,0.910291111111111
1,0.6666666666666666,1.0,4.086,1.5538096296296295
2,0.25,1.0,4.09,1.0348911111111112
3,0.25,1.0,4.098000000000001,1.034091111111111
4,0.6666666666666666,0.8,4.0600000000000005,1.4278496296296295
5,0.6666666666666666,1.0,4.0600000000000005,1.5528496296296295
6,0.6666666666666666,1.0,4.094,1.5530096296296294
7,0.6666666666666666,1.0,4.066,1.5534496296296294
8,0.6666666666666666,1.0,4.066000000000001,1.5534496296296296
9,0.6666666666666666,1.0,4.072000000000001,1.5540496296296296
index,gender_rate,school_diversity,cgpa_average,*diversity
0,0.6666666666666666,1.0,4.08,1.414136856187291
1,0.6666666666666666,1.0,4.086,1.4147368561872908
2,0.6666666666666666,1.0,4.102,1.4163368561872909
3,0.6666666666666666,1.0,4.108,1.4169368561872908
4,0.6666666666666666,1.0,4.109999999999999,1.4169768561872909
5,0.6666666666666666,1.0,4.11,1.4169768561872909
6,0.6666666666666666,0.6,4.0680000000000005,1.1052445484949833
7,0.6666666666666666,1.0,4.218,1.4061768561872907
8,0.6666666666666666,1.0,4.056,1.411736856187291
9,0.6666666666666666,1.0,4.154000000000001,1.4125768561872907
index,gender_rate,school_diversity,cgpa_average,*diversity
0,0.6666666666666666,0.8,4.104,1.3713285714285715
1,0.6666666666666666,1.0,4.194,1.5051857142857141
2,0.6666666666666666,1.0,4.08,1.511985714285714
3,0.6666666666666666,1.0,4.081999999999999,1.512185714285714
4,0.6666666666666666,1.0,4.086,1.5125857142857142
5,0.6666666666666666,1.0,4.108,1.5137857142857143
6,0.6666666666666666,1.0,4.102,1.514185714285714
7,0.6666666666666666,1.0,4.12,1.5125857142857142
8,0.6666666666666666,1.0,4.078,1.511785714285714
9,0.6666666666666666,1.0,4.0760000000000005,1.511585714285714
index,gender_rate,school_diversity,cgpa_average,*diversity
0,0.6666666666666666,1.0,4.056,1.4236999999999997
1,0.25,1.0,4.13,0.9814000000000002
2,0.6666666666666666,1.0,4.1,1.4219000000000002
3,0.6666666666666666,1.0,4.084,1.4235000000000002
4,0.6666666666666666,1.0,4.0600000000000005,1.4241
5,0.6666666666666666,1.0,4.066000000000001,1.4246999999999999
6,0.6666666666666666,1.0,4.072,1.4247
7,0.6666666666666666,1.0,4.07,1.4249
8,0.6666666666666666,1.0,4.03,1.4210999999999998
9,0.6666666666666666,1.0,4.022,1.4203
index,gender_rate,school_diversity,cgpa_average,*diversity
0,0.6666666666666666,1.0,4.053999999999999,1.2337613810741686
1,0.6666666666666666,1.0,4.058,1.2341613810741687
2,0.6666666666666666,1.0,4.093999999999999,1.2343613810741692
3,0.6666666666666666,1.0,4.068,1.2351613810741686
4,0.6666666666666666,1.0,4.082,1.235561381074169
5,0.6666666666666666,1.0,4.081999999999999,1.2355613810741692
6,0.6666666666666666,1.0,4.08,1.235761381074169
7,0.6666666666666666,1.0,4.0760000000000005,1.2359613810741688
8,0.6666666666666666,0.6,4.0600000000000005,0.9990672634271098
9,0.6666666666666666,0.6,4.116,0.9968672634271101
index,gender_rate,school_diversity,cgpa_average,*diversity
0,0.25,0.8,4.1259999999999994,0.8947533333333334
1,0.6666666666666666,1.0,4.072,1.4623466666666667
2,0.6666666666666666,1.0,4.074,1.4625466666666667
3,0.6666666666666666,1.0,4.13,1.4651866666666666
4,0.6666666666666666,1.0,4.128,1.4653866666666666
5,0.6666666666666666,1.0,4.104,1.4655466666666668
6,0.6666666666666666,1.0,4.116,1.4665866666666667
7,0.6666666666666666,1.0,4.242,1.4539866666666668
8,0.6666666666666666,1.0,4.05,1.4601466666666667
9,0.6666666666666666,0.8,4.11,1.3328133333333334
index,gender_rate,school_diversity,cgpa_average,*diversity
0,0.6666666666666666,0.8,4.096,1.2270327272727275
1,0.6666666666666666,0.8,4.095999999999999,1.2270327272727277
2,0.6666666666666666,1.0,4.08,1.3592460606060606
3,0.6666666666666666,1.0,4.098000000000001,1.3601660606060608
4,0.6666666666666666,1.0,4.096,1.3603660606060608
5,0.6666666666666666,1.0,4.092,1.3604460606060607
6,0.6666666666666666,0.8,4.044,1.2223127272727272
7,0.6666666666666666,1.0,4.116,1.3583660606060608
8,0.6666666666666666,1.0,4.098000000000001,1.3601660606060608
9,0.6666666666666666,1.0,4.12,1.3579660606060608
index,gender_rate,school_diversity,cgpa_average,*diversity
0,0.25,1.0,4.086,1.0085663157894738
1,0.6666666666666666,1.0,4.082,1.4848435087719296
2,0.6666666666666666,0.8,4.078,1.3602435087719296
3,0.6666666666666666,1.0,4.05,1.4847635087719295
4,0.6666666666666666,1.0,4.077999999999999,1.4852435087719296
5,0.6666666666666666,1.0,4.061999999999999,1.4859635087719294
6,0.6666666666666666,1.0,4.066,1.4863635087719294
7,0.6666666666666666,1.0,4.066000000000001,1.4863635087719296
8,0.6666666666666666,0.8,4.086,1.3594435087719297
9,0.6666666666666666,1.0,4.01,1.4807635087719295
index,gender_rate,school_diversity,cgpa_average,*diversity
0,0.6666666666666666,1.0,4.026000000000001,1.3666644444444445
1,0.6666666666666666,1.0,4.066,1.3682244444444445
2,0.6666666666666666,1.0,4.044,1.3684644444444443
3,0.6666666666666666,1.0,4.050000000000001,1.3690644444444444
4,0.6666666666666666,1.0,4.056,1.3692244444444444
5,0.6666666666666666,1.0,4.052,1.3692644444444442
6,0.6666666666666666,1.0,4.0520000000000005,1.3692644444444444
7,0.6666666666666666,1.0,4.066,1.3682244444444445
8,0.6666666666666666,1.0,4.044,1.3684644444444443
9,0.6666666666666666,1.0,4.082,1.3666244444444444
index,gender_rate,school_diversity,cgpa_average,*diversity
0,0.25,1.0,4.14,1.1716400000000002
1,0.6666666666666666,0.8,4.048,1.4052711111111111
2,0.6666666666666666,1.0,4.144,1.5740177777777777
3,0.6666666666666666,1.0,4.087999999999999,1.5759377777777779
4,0.6666666666666666,1.0,4.09,1.5761377777777779
5,0.6666666666666666,1.0,4.112,1.5772177777777778
6,0.6666666666666666,1.0,4.101999999999999,1.5773377777777777
7,0.6666666666666666,0.6,4.046000000000001,1.2384044444444444
8,0.6666666666666666,0.8,4.082,1.4086711111111112
9,0.6666666666666666,1.0,4.212,1.5672177777777778
index,gender_rate,school_diversity,cgpa_average,*diversity
0,0.6666666666666666,0.6,4.138,1.1666558730158731
1,0.6666666666666666,1.0,4.156000000000001,1.4505701587301587
2,0.6666666666666666,1.0,4.014,1.4526901587301588
3,0.6666666666666666,1.0,4.090000000000001,1.4571701587301589
4,0.6666666666666666,1.0,4.0600000000000005,1.4572901587301588
5,0.6666666666666666,1.0,4.066000000000001,1.4578901587301587
6,0.6666666666666666,1.0,4.0760000000000005,1.4585701587301587
7,0.6666666666666666,1.0,4.075999999999999,1.458570158730159
8,0.6666666666666666,0.8,4.034000000000001,1.311833015873016
9,0.25,1.0,4.034,1.0519123809523807
index,gender_rate,school_diversity,cgpa_average,*diversity
0,0.25,1.0,4.036,1.0229266666666665
1,0.6666666666666666,1.0,4.07,1.4638266666666666
2,0.6666666666666666,1.0,4.064,1.4632266666666667
3,0.6666666666666666,1.0,4.068,1.4636266666666666
4,0.6666666666666666,1.0,4.1160000000000005,1.4649066666666668
5,0.6666666666666666,1.0,4.112,1.4653066666666668
6,0.6666666666666666,1.0,4.088,1.4656266666666666
7,0.6666666666666666,1.0,4.104000000000001,1.4661066666666667
8,0.6666666666666666,0.8,4.1,1.3331733333333335
9,0.6666666666666666,1.0,4.226,1.4539066666666667
index,gender_rate,school_diversity,cgpa_average,*diversity
0,0.6666666666666666,1.0,4.108,1.2719860869565216
1,0.6666666666666666,1.0,4.0920000000000005,1.2720660869565217
2,0.6666666666666666,1.0,4.106,1.2721860869565216
3,0.6666666666666666,1.0,4.094,1.2722660869565217
4,0.6666666666666666,1.0,4.104000000000001,1.2723860869565216
5,0.6666666666666666,1.0,4.095999999999999,1.2724660869565216
6,0.6666666666666666,1.0,4.06,1.2688660869565216
7,0.6666666666666666,0.8,4.16,1.1417860869565217
8,0.6666666666666666,1.0,4.086,1.2714660869565217
9,0.6666666666666666,0.8,4.090000000000001,1.1468660869565217
index,gender_rate,school_diversity,cgpa_average,*diversity
0,0.25,0.8,4.044,0.954051282051282
1,0.6666666666666666,1.0,4.086,1.5124752136752135
2,0.6666666666666666,1.0,4.082,1.5128752136752137
3,0.6666666666666666,1.0,4.08,1.5130752136752137
4,0.6666666666666666,1.0,4.078,1.5132752136752137
5,0.6666666666666666,1.0,4.072000000000001,1.5134752136752136
6,0.6666666666666666,1.0,4.074,1.5136752136752134
7,0.6666666666666666,0.8,4.072,1.3596290598290597
8,0.6666666666666666,1.0,4.084,1.5126752136752137
9,0.6666666666666666,1.0,4.068,1.5130752136752135
index,gender_rate,school_diversity,cgpa_average,*diversity
0,0.6666666666666666,1.0,4.13,1.2267133333333333
1,0.6666666666666666,1.0,4.048,1.2317533333333333
2,0.6666666666666666,1.0,4.052,1.2321533333333332
3,0.6666666666666666,1.0,4.054,1.2323533333333332
4,0.6666666666666666,1.0,4.058,1.2327533333333331
5,0.6666666666666666,1.0,4.06,1.2329533333333331
6,0.6666666666666666,1.0,4.066000000000001,1.2331133333333333
7,0.6666666666666666,1.0,4.062,1.2331533333333333
8,0.6666666666666666,0.8,4.088,1.09758
9,0.6666666666666666,1.0,4.0200000000000005,1.2289533333333333
index,gender_rate,school_diversity,cgpa_average,*diversity
0,0.6666666666666666,1.0,4.048,1.2304533333333334
1,0.6666666666666666,1.0,4.08,1.2330133333333333
2,0.6666666666666666,1.0,4.08,1.2330133333333333
3,0.6666666666666666,1.0,4.078,1.2332133333333333
4,0.6666666666666666,1.0,4.0760000000000005,1.2332533333333333
5,0.6666666666666666,1.0,4.076,1.2332533333333333
6,0.6666666666666666,1.0,4.075999999999999,1.2332533333333333
7,0.6666666666666666,1.0,4.076,1.2332533333333333
8,0.6666666666666666,1.0,4.086,1.2324133333333331
9,0.6666666666666666,0.6,4.0920000000000005,0.9651466666666666
index,gender_rate,school_diversity,cgpa_average,*diversity
0,0.6666666666666666,1.0,4.056,1.3158212698412697
1,0.6666666666666666,1.0,4.082,1.3184212698412698
2,0.6666666666666666,1.0,4.11,1.3184612698412697
3,0.6666666666666666,1.0,4.108,1.3186612698412696
4,0.6666666666666666,1.0,4.104000000000001,1.3190612698412696
5,0.6666666666666666,1.0,4.094,1.3196212698412697
6,0.6666666666666666,0.8,4.12,1.174604126984127
7,0.6666666666666666,1.0,4.088,1.3190212698412698
8,0.6666666666666666,1.0,4.098,1.3196612698412697
9,0.6666666666666666,1.0,4.102,1.3192612698412696
index,gender_rate,school_diversity,cgpa_average,*diversity
0,0.6666666666666666,1.0,4.124,1.4599301631701629
1,0.6666666666666666,1.0,4.086,1.462610163170163
2,0.6666666666666666,1.0,4.093999999999999,1.462930163170163
3,0.6666666666666666,1.0,4.0920000000000005,1.4631301631701628
4,0.6666666666666666,1.0,4.0920000000000005,1.4631301631701628
5,0.6666666666666666,1.0,4.092,1.463130163170163
6,0.6666666666666666,1.0,4.072,1.461210163170163
7,0.6666666666666666,1.0,4.0600000000000005,1.460010163170163
8,0.6666666666666666,1.0,4.093999999999999,1.462930163170163
9,0.6666666666666666,1.0,4.11,1.461330163170163
index,gender_rate,school_diversity,cgpa_average,*diversity
0,0.6666666666666666,1.0,4.084,1.2281155555555556
1,0.6666666666666666,1.0,4.132,1.2281955555555555
2,0.6666666666666666,1.0,4.124,1.2289955555555556
3,0.6666666666666666,1.0,4.12,1.2293955555555556
4,0.6666666666666666,1.0,4.12,1.2293955555555556
5,0.6666666666666666,1.0,4.116,1.2297955555555555
6,0.6666666666666666,1.0,4.112,1.2301955555555555
7,0.6666666666666666,1.0,4.108,1.2305155555555556
8,0.6666666666666666,1.0,4.112,1.2301955555555555
9,0.6666666666666666,0.8,4.056,1.1003155555555555
index,gender_rate,school_diversity,cgpa_average,*diversity
0,0.6666666666666666,1.0,4.116,1.316239393939394
1,0.6666666666666666,1.0,4.101999999999999,1.3176393939393938
2,0.6666666666666666,1.0,4.093999999999999,1.318439393939394
3,0.6666666666666666,1.0,4.086,1.3186393939393937
4,0.6666666666666666,1.0,4.092,1.318639393939394
5,0.6666666666666666,1.0,4.09,1.3188393939393939
6,0.6666666666666666,1.0,4.038,1.3138393939393938
7,0.6666666666666666,0.8,4.096,1.1932393939393937
8,0.6666666666666666,1.0,4.076,1.3176393939393938
9,0.6666666666666666,0.8,4.1,1.1928393939393938
index,gender_rate,school_diversity,cgpa_average,*diversity
0,0.6666666666666666,1.0,4.132,1.457670163170163
1,0.6666666666666666,1.0,4.063999999999999,1.461870163170163
2,0.6666666666666666,1.0,4.09,1.461870163170163
3,0.6666666666666666,1.0,4.066,1.462070163170163
4,0.6666666666666666,1.0,4.082000000000001,1.4626701631701629
5,0.6666666666666666,1.0,4.072000000000001,1.462670163170163
6,0.6666666666666666,0.8,4.031999999999999,1.304824009324009
7,0.6666666666666666,0.8,4.101999999999999,1.3068240093240093
8,0.6666666666666666,0.8,4.078,1.309224009324009
9,0.6666666666666666,1.0,4.0520000000000005,1.460670163170163
index,gender_rate,school_diversity,cgpa_average,*diversity
0,0.6666666666666666,1.0,4.1240000000000006,1.2793523809523808
1,0.6666666666666666,1.0,4.116,1.280152380952381
2,0.6666666666666666,1.0,4.1,1.2801523809523812
3,0.6666666666666666,1.0,4.1,1.2801523809523812
4,0.6666666666666666,1.0,4.1,1.2801523809523812
5,0.6666666666666666,1.0,4.113999999999999,1.280352380952381
6,0.6666666666666666,1.0,4.104,1.280552380952381
7,0.6666666666666666,1.0,4.103999999999999,1.280552380952381
8,0.6666666666666666,1.0,4.122,1.2795523809523808
9,0.6666666666666666,1.0,4.096,1.2797523809523812
index,gender_rate,school_diversity,cgpa_average,*diversity
0,0.6666666666666666,1.0,4.044,1.4122768561872907
1,0.6666666666666666,1.0,4.113999999999999,1.414836856187291
2,0.6666666666666666,1.0,4.1,1.416236856187291
3,0.6666666666666666,1.0,4.095999999999999,1.4166368561872908
4,0.6666666666666666,1.0,4.089999999999999,1.4168768561872906
5,0.6666666666666666,1.0,4.089999999999999,1.4168768561872906
6,0.6666666666666666,1.0,4.146,1.411636856187291
7,0.6666666666666666,1.0,4.074,1.4152768561872908
8,0.6666666666666666,1.0,4.118,1.4144368561872909
9,0.6666666666666666,1.0,4.046,1.412476856187291
index,gender_rate,school_diversity,cgpa_average,*diversity
0,0.6666666666666666,1.0,4.093999999999999,1.6988403988603986
1,0.25,0.8,4.108,1.0251157264957265
2,0.25,1.0,4.102,1.1795618803418801
3,0.25,1.0,4.096000000000001,1.18016188034188
4,0.6666666666666666,0.8,4.095999999999999,1.544834245014245
5,0.6666666666666666,1.0,4.072,1.6966403988603986
6,0.6666666666666666,1.0,4.103999999999999,1.6978803988603988
7,0.6666666666666666,1.0,4.088,1.6982403988603987
8,0.6666666666666666,1.0,4.089999999999999,1.6984403988603987
9,0.6666666666666666,1.0,4.0920000000000005,1.6986403988603986
index,gender_rate,school_diversity,cgpa_average,*diversity
0,0.6666666666666666,1.0,4.102,1.5280301754385965
1,0.25,0.8,4.072,0.9158996491228071
2,0.25,1.0,4.106,1.0517529824561405
3,0.6666666666666666,1.0,4.0600000000000005,1.5239101754385964
4,0.6666666666666666,1.0,4.136,1.5246301754385965
5,0.6666666666666666,1.0,4.1339999999999995,1.5248301754385967
6,0.6666666666666666,1.0,4.0840000000000005,1.5263101754385966
7,0.6666666666666666,1.0,4.098,1.5277101754385964
8,0.6666666666666666,1.0,4.1,1.5279101754385964
9,0.6666666666666666,1.0,4.1240000000000006,1.5258301754385966
index,gender_rate,school_diversity,cgpa_average,*diversity
0,0.6666666666666666,1.0,4.108,1.4076651082251082
1,0.6666666666666666,1.0,4.106,1.4078651082251081
2,0.6666666666666666,1.0,4.106,1.4078651082251081
3,0.6666666666666666,1.0,4.1,1.4079851082251083
4,0.6666666666666666,1.0,4.1,1.4079851082251083
5,0.6666666666666666,1.0,4.101999999999999,1.4081851082251082
6,0.6666666666666666,1.0,4.08,1.4059851082251082
7,0.6666666666666666,1.0,4.1240000000000006,1.406065108225108
8,0.6666666666666666,1.0,4.096,1.4075851082251083
9,0.6666666666666666,1.0,4.101999999999999,1.4081851082251082
index,gender_rate,school_diversity,cgpa_average,*diversity
0,0.6666666666666666,1.0,4.042,1.6288733333333334
1,0.25,1.0,4.055999999999999,1.1927733333333332
2,0.6666666666666666,0.8,4.072,1.4652066666666665
3,0.6666666666666666,1.0,4.101999999999999,1.6317933333333337
4,0.6666666666666666,1.0,4.095999999999999,1.6323933333333336
5,0.6666666666666666,1.0,4.087999999999999,1.6331933333333335
6,0.6666666666666666,1.0,4.086,1.6332733333333334
7,0.6666666666666666,1.0,4.086,1.6332733333333334
8,0.6666666666666666,0.8,4.106,1.4647266666666667
9,0.6666666666666666,0.8,4.132000000000001,1.4621266666666668
index,gender_rate,school_diversity,cgpa_average,*diversity
0,0.6666666666666666,1.0,4.07,1.3185812698412698
1,0.6666666666666666,1.0,4.088,1.3193012698412698
2,0.6666666666666666,1.0,4.078,1.3193812698412697
3,0.6666666666666666,1.0,4.086,1.3195012698412698
4,0.6666666666666666,1.0,4.084,1.3197012698412698
5,0.6666666666666666,1.0,4.082,1.3197812698412696
6,0.6666666666666666,1.0,4.07,1.3185812698412698
7,0.6666666666666666,1.0,4.084,1.3197012698412698
8,0.6666666666666666,0.8,4.1,1.175244126984127
9,0.6666666666666666,1.0,4.0840000000000005,1.3197012698412698
index,gender_rate,school_diversity,cgpa_average,*diversity
0,0.6666666666666666,1.0,4.072,1.3133127536231883
1,0.6666666666666666,1.0,4.093999999999999,1.3134727536231885
2,0.6666666666666666,1.0,4.09,1.3138727536231884
3,0.6666666666666666,1.0,4.081999999999999,1.3143127536231882
4,0.6666666666666666,1.0,4.0840000000000005,1.3144727536231884
5,0.6666666666666666,1.0,4.0840000000000005,1.3144727536231884
6,0.6666666666666666,1.0,4.098,1.3130727536231885
7,0.6666666666666666,1.0,4.106,1.3122727536231886
8,0.6666666666666666,1.0,4.090000000000001,1.3138727536231884
9,0.6666666666666666,0.8,4.037999999999999,1.176579420289855
index,gender_rate,school_diversity,cgpa_average,*diversity
0,0.6666666666666666,1.0,4.119999999999999,1.406065108225108
1,0.6666666666666666,1.0,4.082,1.4065851082251082
2,0.6666666666666666,1.0,4.1080000000000005,1.407265108225108
3,0.6666666666666666,1.0,4.103999999999999,1.4076651082251082
4,0.6666666666666666,1.0,4.095999999999999,1.4079851082251083
5,0.6666666666666666,1.0,4.098000000000001,1.4081851082251085
6,0.6666666666666666,0.8,4.102,1.2650079653679653
7,0.6666666666666666,1.0,4.086,1.4069851082251084
8,0.6666666666666666,0.8,4.098000000000001,1.2653279653679657
9,0.6666666666666666,1.0,4.090000000000001,1.4073851082251083
index,gender_rate,school_diversity,cgpa_average,*diversity
0,0.6666666666666666,1.0,4.0920000000000005,1.4666266666666667
1,0.6666666666666666,1.0,4.1339999999999995,1.4625066666666668
2,0.6666666666666666,1.0,4.0840000000000005,1.4658266666666666
3,0.6666666666666666,1.0,4.086,1.4660266666666666
4,0.6666666666666666,1.0,4.09,1.4664266666666665
5,0.6666666666666666,1.0,4.0920000000000005,1.4666266666666667
6,0.6666666666666666,1.0,4.0920000000000005,1.4666266666666667
7,0.6666666666666666,1.0,4.093999999999999,1.4665066666666668
8,0.6666666666666666,1.0,4.074,1.4648266666666667
9,0.6666666666666666,1.0,4.086,1.4660266666666666
index,gender_rate,school_diversity,cgpa_average,*diversity
0,0.6666666666666666,1.0,4.093999999999999,1.279534688057041
1,0.6666666666666666,1.0,4.044,1.279814688057041
2,0.6666666666666666,1.0,4.048,1.2802146880570409
3,0.6666666666666666,1.0,4.05,1.2804146880570408
4,0.6666666666666666,1.0,4.082000000000001,1.280734688057041
5,0.6666666666666666,1.0,4.061999999999999,1.281614688057041
6,0.6666666666666666,1.0,4.068,1.282134688057041
7,0.6666666666666666,1.0,4.068,1.282134688057041
8,0.6666666666666666,1.0,4.076,1.281334688057041
9,0.6666666666666666,0.8,4.084,1.1628876292335115
index,gender_rate,school_diversity,cgpa_average,*diversity
0,0.6666666666666666,1.0,4.11,1.3178793939393938
1,0.6666666666666666,1.0,4.106,1.3182793939393938
2,0.6666666666666666,1.0,4.102,1.3186793939393937
3,0.6666666666666666,1.0,4.098000000000001,1.3187993939393938
4,0.6666666666666666,1.0,4.098,1.3187993939393938
5,0.6666666666666666,1.0,4.098,1.3187993939393938
6,0.6666666666666666,1.0,4.07,1.3159993939393937
7,0.6666666666666666,1.0,4.084,1.3173993939393938
8,0.6666666666666666,1.0,4.11,1.3178793939393938
9,0.6666666666666666,0.8,4.117999999999999,1.1920793939393939
index,gender_rate,school_diversity,cgpa_average,*diversity
0,0.6666666666666666,1.0,4.108,1.3588660606060607
1,0.6666666666666666,1.0,4.088,1.3603460606060607
2,0.6666666666666666,1.0,4.0920000000000005,1.3604660606060608
3,0.6666666666666666,1.0,4.0920000000000005,1.3604660606060608
4,0.6666666666666666,1.0,4.089999999999999,1.3605460606060606
5,0.6666666666666666,1.0,4.090000000000001,1.3605460606060609
6,0.6666666666666666,1.0,4.136000000000001,1.3560660606060606
7,0.6666666666666666,1.0,4.042,1.3557460606060607
8,0.6666666666666666,1.0,4.0600000000000005,1.3575460606060608
9,0.6666666666666666,1.0,4.108,1.3588660606060607
index,gender_rate,school_diversity,cgpa_average,*diversity
0,0.6666666666666666,1.0,4.117999999999999,1.4066051082251083
1,0.6666666666666666,1.0,4.1160000000000005,1.406805108225108
2,0.6666666666666666,1.0,4.116,1.4068051082251083
3,0.6666666666666666,1.0,4.09,1.407045108225108
4,0.6666666666666666,1.0,4.093999999999999,1.407445108225108
5,0.6666666666666666,1.0,4.096000000000001,1.4076451082251082
6,0.6666666666666666,1.0,4.1,1.4080451082251082
7,0.6666666666666666,1.0,4.1,1.4080451082251082
8,0.6666666666666666,1.0,4.136,1.404805108225108
9,0.6666666666666666,1.0,4.052,1.403245108225108
index,gender_rate,school_diversity,cgpa_average,*diversity
0,0.6666666666666666,1.0,4.119999999999999,1.4090911111111113
1,0.6666666666666666,1.0,4.117999999999999,1.4092911111111113
2,0.6666666666666666,1.0,4.081999999999999,1.409331111111111
3,0.6666666666666666,1.0,4.087999999999999,1.409931111111111
4,0.6666666666666666,1.0,4.104,1.4106911111111111
5,0.6666666666666666,1.0,4.1,1.411091111111111
6,0.6666666666666666,0.8,4.148,1.2729577777777779
7,0.6666666666666666,1.0,4.069999999999999,1.408131111111111
8,0.6666666666666666,0.8,4.082,1.2759977777777778
9,0.6666666666666666,1.0,4.086,1.409731111111111
index,gender_rate,school_diversity,cgpa_average,*diversity
0,0.6666666666666666,1.0,4.06,1.3681644444444443
1,0.6666666666666666,0.8,4.06,1.2431644444444443
2,0.6666666666666666,1.0,4.1160000000000005,1.3651244444444444
3,0.6666666666666666,1.0,4.05,1.3671644444444442
4,0.6666666666666666,1.0,4.09,1.3677244444444445
5,0.6666666666666666,1.0,4.058,1.3679644444444443
6,0.6666666666666666,1.0,4.08,1.3687244444444444
7,0.6666666666666666,1.0,4.078,1.3689244444444444
8,0.6666666666666666,1.0,4.0760000000000005,1.3691244444444444
9,0.25,0.8,4.0600000000000005,0.8403866666666666
index,gender_rate,school_diversity,cgpa_average,*diversity
0,0.25,1.0,4.088,1.076065714285714
1,0.6666666666666666,1.0,4.117999999999999,1.5120057142857144
2,0.6666666666666666,1.0,4.1160000000000005,1.5122057142857144
3,0.6666666666666666,1.0,4.076,1.5123657142857139
4,0.6666666666666666,1.0,4.08,1.512765714285714
5,0.6666666666666666,1.0,4.106,1.5132057142857143
6,0.6666666666666666,1.0,4.1,1.5138057142857144
7,0.6666666666666666,1.0,4.096,1.5142057142857144
8,0.6666666666666666,1.0,4.096,1.5142057142857144
9,0.6666666666666666,1.0,4.0760000000000005,1.512365714285714
index,gender_rate,school_diversity,cgpa_average,*diversity
0,0.25,0.8,4.098,0.8613999999999999
1,0.6666666666666666,1.0,4.134,1.4224999999999999
2,0.6666666666666666,1.0,4.005999999999999,1.4146999999999998
3,0.6666666666666666,1.0,4.144,1.4215
4,0.6666666666666666,1.0,4.132,1.4227
5,0.6666666666666666,1.0,4.1240000000000006,1.4235
6,0.6666666666666666,1.0,4.116,1.4243
7,0.6666666666666666,1.0,4.109999999999999,1.4249
8,0.6666666666666666,0.8,4.13,1.2979
9,0.6666666666666666,0.8,4.095999999999999,1.2987
index,gender_rate,school_diversity,cgpa_average,*diversity
0,0.25,1.0,4.140000000000001,1.0279066666666665
1,0.6666666666666666,1.0,4.252,1.4542066666666666
2,0.6666666666666666,1.0,4.076,1.4615266666666666
3,0.6666666666666666,1.0,4.089999999999999,1.4629266666666667
4,0.6666666666666666,1.0,4.104000000000001,1.4643266666666668
5,0.6666666666666666,1.0,4.114,1.4653266666666667
6,0.6666666666666666,1.0,4.132000000000001,1.4662066666666667
7,0.6666666666666666,1.0,4.128,1.4666066666666666
8,0.6666666666666666,1.0,4.128,1.4666066666666666
9,0.6666666666666666,1.0,4.11,1.4649266666666667
index,gender_rate,school_diversity,cgpa_average,*diversity
0,0.6666666666666666,0.8,4.1,1.180059420289855
1,0.6666666666666666,0.8,4.11,1.181059420289855
2,0.6666666666666666,1.0,4.095999999999999,1.3129927536231882
3,0.6666666666666666,1.0,4.098000000000001,1.3131927536231884
4,0.6666666666666666,1.0,4.106,1.3139927536231883
5,0.6666666666666666,1.0,4.112,1.3143927536231885
6,0.6666666666666666,1.0,4.112,1.3143927536231885
7,0.6666666666666666,1.0,4.112,1.3143927536231885
8,0.6666666666666666,1.0,4.072,1.3105927536231883
9,0.6666666666666666,1.0,4.191999999999999,1.3063927536231885
index,gender_rate,school_diversity,cgpa_average,*diversity
0,0.6666666666666666,1.0,4.064,1.3090327536231885
1,0.6666666666666666,1.0,4.158,1.3105527536231885
2,0.6666666666666666,1.0,4.127999999999999,1.3135527536231886
3,0.6666666666666666,1.0,4.109999999999999,1.3136327536231884
4,0.6666666666666666,1.0,4.11,1.3136327536231884
5,0.6666666666666666,1.0,4.1259999999999994,1.3137527536231886
6,0.6666666666666666,1.0,4.122,1.3141527536231885
7,0.6666666666666666,1.0,4.118,1.3144327536231886
8,0.6666666666666666,1.0,4.1579999999999995,1.3105527536231885
9,0.6666666666666666,1.0,4.0920000000000005,1.3118327536231884
index,gender_rate,school_diversity,cgpa_average,*diversity
0,0.6666666666666666,1.0,4.1,1.2713460869565218
1,0.6666666666666666,1.0,4.098000000000001,1.2715460869565218
2,0.6666666666666666,1.0,4.076,1.2719060869565215
3,0.6666666666666666,1.0,4.089999999999999,1.272346086956522
4,0.6666666666666666,1.0,4.0840000000000005,1.2727060869565217
5,0.6666666666666666,1.0,4.086,1.2727460869565217
6,0.6666666666666666,1.0,4.044,1.2687060869565214
7,0.6666666666666666,1.0,4.078,1.2721060869565215
8,0.6666666666666666,0.8,4.124,1.143946086956522
9,0.6666666666666666,1.0,4.072,1.2715060869565216
index,gender_rate,school_diversity,cgpa_average,*diversity
0,0.6666666666666666,1.0,4.024,1.2293933333333333
1,0.6666666666666666,1.0,4.098,1.2298733333333334
2,0.6666666666666666,1.0,4.048,1.2317933333333333
3,0.6666666666666666,1.0,4.068,1.2328733333333335
4,0.6666666666666666,1.0,4.0600000000000005,1.2329933333333334
5,0.6666666666666666,1.0,4.062,1.2331933333333334
6,0.6666666666666666,1.0,4.062,1.2331933333333334
7,0.6666666666666666,1.0,4.064,1.2332733333333334
8,0.6666666666666666,1.0,4.08,1.2316733333333334
9,0.6666666666666666,1.0,4.068,1.2328733333333335
index,gender_rate,school_diversity,cgpa_average,*diversity
0,0.6666666666666666,1.0,4.061999999999999,1.270442222222222
1,0.6666666666666666,1.0,4.075999999999999,1.2718422222222219
2,0.6666666666666666,1.0,4.078,1.272042222222222
3,0.6666666666666666,1.0,4.078,1.272042222222222
4,0.6666666666666666,1.0,4.08,1.272202222222222
5,0.6666666666666666,1.0,4.08,1.272202222222222
6,0.6666666666666666,1.0,4.090000000000001,1.2712022222222221
7,0.6666666666666666,0.8,4.144,1.1324688888888887
8,0.6666666666666666,1.0,4.078,1.272042222222222
9,0.6666666666666666,0.8,4.032,1.1341088888888886
index,gender_rate,school_diversity,cgpa_average,*diversity
0,0.6666666666666666,1.0,4.119999999999999,1.4768194202898552
1,0.6666666666666666,1.0,4.042,1.4776994202898552
2,0.6666666666666666,1.0,4.103999999999999,1.4784194202898553
3,0.6666666666666666,1.0,4.1,1.4788194202898552
4,0.6666666666666666,1.0,4.086,1.480219420289855
5,0.6666666666666666,1.0,4.0840000000000005,1.480419420289855
6,0.6666666666666666,1.0,4.08,1.4808194202898552
7,0.6666666666666666,1.0,4.08,1.4808194202898552
8,0.6666666666666666,1.0,4.022,1.4756994202898552
9,0.6666666666666666,1.0,4.048,1.4782994202898552
index,gender_rate,school_diversity,cgpa_average,*diversity
0,0.6666666666666666,0.8,4.11,1.136388888888889
1,0.6666666666666666,1.0,4.054,1.269122222222222
2,0.6666666666666666,1.0,4.066000000000001,1.2703222222222221
3,0.6666666666666666,1.0,4.066000000000001,1.2703222222222221
4,0.6666666666666666,1.0,4.098,1.270922222222222
5,0.6666666666666666,1.0,4.0920000000000005,1.271522222222222
6,0.6666666666666666,1.0,4.092,1.2715222222222222
7,0.6666666666666666,1.0,4.085999999999999,1.2721222222222222
8,0.6666666666666666,0.8,4.11,1.136388888888889
9,0.6666666666666666,0.8,4.076,1.1379888888888887
index,gender_rate,school_diversity,cgpa_average,*diversity
0,0.6666666666666666,1.0,4.106,1.3192012698412696
1,0.6666666666666666,1.0,4.096,1.3194812698412697
2,0.6666666666666666,1.0,4.102,1.3196012698412696
3,0.6666666666666666,1.0,4.101999999999999,1.3196012698412698
4,0.6666666666666666,1.0,4.098000000000001,1.3196812698412699
5,0.6666666666666666,1.0,4.1,1.3198012698412698
6,0.6666666666666666,0.8,4.022,1.169224126984127
7,0.6666666666666666,1.0,4.15,1.3148012698412697
8,0.6666666666666666,1.0,4.08,1.3178812698412699
9,0.6666666666666666,1.0,4.14,1.3158012698412698
index,gender_rate,school_diversity,cgpa_average,*diversity
0,0.6666666666666666,1.0,4.093999999999999,1.459430163170163
1,0.6666666666666666,1.0,4.162,1.460110163170163
2,0.6666666666666666,1.0,4.109999999999999,1.4610301631701628
3,0.6666666666666666,1.0,4.138,1.462510163170163
4,0.6666666666666666,1.0,4.1259999999999994,1.4626301631701628
5,0.6666666666666666,1.0,4.128,1.462830163170163
6,0.6666666666666666,0.6,4.058,1.1481378554778554
7,0.6666666666666666,0.8,4.142,1.3082640093240092
8,0.6666666666666666,1.0,4.218,1.454510163170163
9,0.6666666666666666,1.0,4.138,1.462510163170163
index,gender_rate,school_diversity,cgpa_average,*diversity
0,0.25,0.8,4.132,0.8514345510835916
1,0.6666666666666666,1.0,4.088000000000001,1.4493588028895767
2,0.6666666666666666,1.0,4.122000000000001,1.4459588028895767
3,0.6666666666666666,1.0,4.1,1.4481588028895769
4,0.6666666666666666,1.0,4.095999999999999,1.4485588028895768
5,0.6666666666666666,1.0,4.078,1.4489188028895765
6,0.6666666666666666,1.0,4.077999999999999,1.4489188028895765
7,0.6666666666666666,1.0,4.082,1.4493188028895765
8,0.6666666666666666,1.0,4.016,1.4427188028895765
9,0.6666666666666666,1.0,4.0600000000000005,1.4471188028895767
index,gender_rate,school_diversity,cgpa_average,*diversity
0,0.25,1.0,4.064,1.0288466666666667
1,0.25,1.0,4.061999999999999,1.0286466666666667
2,0.6666666666666666,1.0,4.032,1.4631466666666668
3,0.6666666666666666,1.0,4.055999999999999,1.4655466666666666
4,0.6666666666666666,1.0,4.074,1.4659866666666668
5,0.6666666666666666,1.0,4.062,1.4661466666666667
6,0.6666666666666666,1.0,4.07,1.4663866666666667
7,0.6666666666666666,1.0,4.066,1.4665466666666667
8,0.6666666666666666,1.0,4.118,1.4615866666666666
9,0.6666666666666666,1.0,4.0680000000000005,1.4665866666666667
index,gender_rate,school_diversity,cgpa_average,*diversity
0,0.6666666666666666,1.0,4.13,1.5721377777777779
1,0.6666666666666666,1.0,4.090000000000001,1.5761377777777779
2,0.6666666666666666,1.0,4.058,1.5762177777777777
3,0.6666666666666666,1.0,4.082000000000001,1.5769377777777778
4,0.6666666666666666,1.0,4.078,1.577337777777778
5,0.6666666666666666,1.0,4.072,1.5776177777777778
6,0.6666666666666666,0.8,4.04,1.407751111111111
7,0.6666666666666666,0.8,4.06,1.409751111111111
8,0.6666666666666666,1.0,4.032,1.5736177777777778
9,0.6666666666666666,1.0,4.093999999999999,1.575737777777778
index,gender_rate,school_diversity,cgpa_average,*diversity
0,0.25,1.0,4.087999999999999,1.3040283333333333
1,0.25,1.0,4.052,1.3027883333333334
2,0.6666666666666666,1.0,4.086,1.9240199999999998
3,0.25,1.0,4.095999999999999,1.3032283333333334
4,0.25,1.0,4.1,1.3028283333333335
5,0.6666666666666666,0.8,4.032,1.7539133333333332
6,0.6666666666666666,0.8,4.058,1.7565133333333334
7,0.6666666666666666,1.0,4.106,1.9220199999999998
8,0.6666666666666666,1.0,4.064,1.92378
9,0.6666666666666666,1.0,4.08,1.9246199999999998
index,gender_rate,school_diversity,cgpa_average,*diversity
0,0.6666666666666666,0.8,4.072,1.2430444444444442
1,0.6666666666666666,0.8,4.077999999999999,1.243644444444444
2,0.6666666666666666,1.0,4.072,1.3680444444444442
3,0.6666666666666666,1.0,4.08,1.3688444444444443
4,0.6666666666666666,1.0,4.087999999999999,1.3692444444444445
5,0.6666666666666666,1.0,4.086,1.3694444444444442
6,0.6666666666666666,0.8,4.151999999999999,1.2378444444444445
7,0.6666666666666666,1.0,4.086,1.3694444444444442
8,0.6666666666666666,1.0,4.066000000000001,1.3674444444444442
9,0.6666666666666666,1.0,4.08,1.3688444444444443
index,gender_rate,school_diversity,cgpa_average,*diversity
0,0.6666666666666666,1.0,4.066,1.410891111111111
1,0.6666666666666666,1.0,4.05,1.409731111111111
2,0.6666666666666666,1.0,4.056,1.410331111111111
3,0.6666666666666666,1.0,4.07,1.4104911111111111
4,0.6666666666666666,1.0,4.068,1.4106911111111111
5,0.6666666666666666,1.0,4.0600000000000005,1.4107311111111112
6,0.6666666666666666,1.0,4.064,1.411091111111111
7,0.6666666666666666,1.0,4.109999999999999,1.4064911111111111
8,0.6666666666666666,1.0,4.058,1.410531111111111
9,0.6666666666666666,1.0,4.036,1.408331111111111
